mongo_id,target_id,target_type,unread
4d0968cccc8cb4325d000003,,Request,
4d0968dbcc8cb43261000003,,Request,
4d096904cc8cb43266000003,,Request,
4d09690acc8cb43270000003,,Request,
4d09695bcc8cb4327d000003,,Request,
4d0aa87ccc8cb41589000002,,StatusMessage,
4d0aaa8bcc8cb41744000002,,StatusMessage,
4d0aab50cc8cb41783000002,,StatusMessage,
4d0aacdccc8cb417c4000002,,StatusMessage,
4d0aace1cc8cb417c5000002,,StatusMessage,
4d0aad46cc8cb41802000002,,StatusMessage,
4d0aadc0cc8cb4186d000002,,StatusMessage,
4d0aaebccc8cb418f6000002,,StatusMessage,
4d0aafc0cc8cb419ef000002,,StatusMessage,
4d0ab2a5cc8cb41a22000002,,StatusMessage,
4d0ab2eecc8cb41a66000002,,StatusMessage,
