mongo_id,email,username,serialized_private_key,encrypted_password,invites,invitation_token,invitation_sent_at,getting_started,disable_mail,language,last_sign_in_ip,last_sign_in_at,reset_password_token,password_salt
4d2b6eb6cc8cb43cc2000007,bob1a25dee@pivotallabs.com,bob1d2f837,"-----BEGIN RSA PRIVATE KEY-----
MIICXAIBAAKBgQDS17A2VhRcv0so303MpMgmVXea2iOxvhBftpDN8hfFAAB39xXY
pz9Mb5gfS7C/Oj2TIlXykmFP6cD2iAzv13HJzLKXeisRzkV/kmwfRdxwuWromHnp
KjcT7hqprIARhS48/BWd6WyW7ruOFy39HD9anwasSmg0jqcER/G8b2lFywIDAQAB
AoGALGz4GyreFYDVJGKQ8QrThYhCsGVAWiZTKue78TkOmxrZ/m0YtFLhOojVA9sd
/d0WtlboxzjiukTlvMyD9VFvDxVZMIS1/bSqVjTCKAetN3q2LPEfFwaHi3Uj+D66
ulZYaf9VOd0wXREsKQB8Ri0uzlT+zTydbtr6Dnky14IfhuECQQDvGXktxLP9ywSz
avTpNHhwj0Q8aBHSJU7Ms8MCzAHATzjjxZfJCZz5xuocyrpGT18zmmQ6XJS7s8fM
WG5ykmUxAkEA4b7nDh6AxBzFAV5TdxZwThee9ZsndN4tYQmDyI1aCI9xG1lKIxbL
4N/DRyHv7CWkVCxM5L7Kn0QcqnCsYxRLuwJAMCLGvKofOncG6UAdMl336WFOcYLa
I56TMK74EbYUnCzW3TRIjJa83aRoOYeu3LzaA7+Pchh1cRyOmtsq0TIb4QJAQJ6s
9VW19m1l12Zw7f32V+RbFGM9gC65PrXCi34q75hgADwnBLRZ2B01gP8t9qMvzwh/
WltjFQQiUIfAUPxWUQJBAMyoY38x2AP7WclMtNELAF2lUJ270uq3cxlzrGy9wJP9
bf3qTUrqURMKgZezWW3iZke1h3vW+regHB2RBgdGmwk=
-----END RSA PRIVATE KEY-----
",$2a$10$n1LF9/RgYmytvu5GYGj/Q.XhoquuQv55tdU6NrFSSxyeJabZbvk1y,4,,,true,false,en,,,,$2a$10$n1LF9/RgYmytvu5GYGj/Q.
4d2b6eb6cc8cb43cc200000b,bob21f51ad@pivotallabs.com,bob2f66ee4,"-----BEGIN RSA PRIVATE KEY-----
MIICXAIBAAKBgQDS17A2VhRcv0so303MpMgmVXea2iOxvhBftpDN8hfFAAB39xXY
pz9Mb5gfS7C/Oj2TIlXykmFP6cD2iAzv13HJzLKXeisRzkV/kmwfRdxwuWromHnp
KjcT7hqprIARhS48/BWd6WyW7ruOFy39HD9anwasSmg0jqcER/G8b2lFywIDAQAB
AoGALGz4GyreFYDVJGKQ8QrThYhCsGVAWiZTKue78TkOmxrZ/m0YtFLhOojVA9sd
/d0WtlboxzjiukTlvMyD9VFvDxVZMIS1/bSqVjTCKAetN3q2LPEfFwaHi3Uj+D66
ulZYaf9VOd0wXREsKQB8Ri0uzlT+zTydbtr6Dnky14IfhuECQQDvGXktxLP9ywSz
avTpNHhwj0Q8aBHSJU7Ms8MCzAHATzjjxZfJCZz5xuocyrpGT18zmmQ6XJS7s8fM
WG5ykmUxAkEA4b7nDh6AxBzFAV5TdxZwThee9ZsndN4tYQmDyI1aCI9xG1lKIxbL
4N/DRyHv7CWkVCxM5L7Kn0QcqnCsYxRLuwJAMCLGvKofOncG6UAdMl336WFOcYLa
I56TMK74EbYUnCzW3TRIjJa83aRoOYeu3LzaA7+Pchh1cRyOmtsq0TIb4QJAQJ6s
9VW19m1l12Zw7f32V+RbFGM9gC65PrXCi34q75hgADwnBLRZ2B01gP8t9qMvzwh/
WltjFQQiUIfAUPxWUQJBAMyoY38x2AP7WclMtNELAF2lUJ270uq3cxlzrGy9wJP9
bf3qTUrqURMKgZezWW3iZke1h3vW+regHB2RBgdGmwk=
-----END RSA PRIVATE KEY-----
",$2a$10$zq/w8.JTL9VxSlwjFI/Pe.ffWpzmmmRhJ9GXPS48KBTQar5l5CIQi,5,,,true,false,en,,,,$2a$10$zq/w8.JTL9VxSlwjFI/Pe.
4d2b6eb7cc8cb43cc2000014,bob3a2252c@pivotallabs.com,bob3c6c46f,"-----BEGIN RSA PRIVATE KEY-----
MIICXAIBAAKBgQDS17A2VhRcv0so303MpMgmVXea2iOxvhBftpDN8hfFAAB39xXY
pz9Mb5gfS7C/Oj2TIlXykmFP6cD2iAzv13HJzLKXeisRzkV/kmwfRdxwuWromHnp
KjcT7hqprIARhS48/BWd6WyW7ruOFy39HD9anwasSmg0jqcER/G8b2lFywIDAQAB
AoGALGz4GyreFYDVJGKQ8QrThYhCsGVAWiZTKue78TkOmxrZ/m0YtFLhOojVA9sd
/d0WtlboxzjiukTlvMyD9VFvDxVZMIS1/bSqVjTCKAetN3q2LPEfFwaHi3Uj+D66
ulZYaf9VOd0wXREsKQB8Ri0uzlT+zTydbtr6Dnky14IfhuECQQDvGXktxLP9ywSz
avTpNHhwj0Q8aBHSJU7Ms8MCzAHATzjjxZfJCZz5xuocyrpGT18zmmQ6XJS7s8fM
WG5ykmUxAkEA4b7nDh6AxBzFAV5TdxZwThee9ZsndN4tYQmDyI1aCI9xG1lKIxbL
4N/DRyHv7CWkVCxM5L7Kn0QcqnCsYxRLuwJAMCLGvKofOncG6UAdMl336WFOcYLa
I56TMK74EbYUnCzW3TRIjJa83aRoOYeu3LzaA7+Pchh1cRyOmtsq0TIb4QJAQJ6s
9VW19m1l12Zw7f32V+RbFGM9gC65PrXCi34q75hgADwnBLRZ2B01gP8t9qMvzwh/
WltjFQQiUIfAUPxWUQJBAMyoY38x2AP7WclMtNELAF2lUJ270uq3cxlzrGy9wJP9
bf3qTUrqURMKgZezWW3iZke1h3vW+regHB2RBgdGmwk=
-----END RSA PRIVATE KEY-----
",$2a$10$qGnZ/GODnmZVukDf9UC49uNgmYk9hRrtomisb0GTs559E1yxMQgvu,5,,,true,false,en,,,,$2a$10$qGnZ/GODnmZVukDf9UC49u
4d2b6eb7cc8cb43cc2000018,bob438d5bc@pivotallabs.com,bob457b189,"-----BEGIN RSA PRIVATE KEY-----
MIICXAIBAAKBgQDS17A2VhRcv0so303MpMgmVXea2iOxvhBftpDN8hfFAAB39xXY
pz9Mb5gfS7C/Oj2TIlXykmFP6cD2iAzv13HJzLKXeisRzkV/kmwfRdxwuWromHnp
KjcT7hqprIARhS48/BWd6WyW7ruOFy39HD9anwasSmg0jqcER/G8b2lFywIDAQAB
AoGALGz4GyreFYDVJGKQ8QrThYhCsGVAWiZTKue78TkOmxrZ/m0YtFLhOojVA9sd
/d0WtlboxzjiukTlvMyD9VFvDxVZMIS1/bSqVjTCKAetN3q2LPEfFwaHi3Uj+D66
ulZYaf9VOd0wXREsKQB8Ri0uzlT+zTydbtr6Dnky14IfhuECQQDvGXktxLP9ywSz
avTpNHhwj0Q8aBHSJU7Ms8MCzAHATzjjxZfJCZz5xuocyrpGT18zmmQ6XJS7s8fM
WG5ykmUxAkEA4b7nDh6AxBzFAV5TdxZwThee9ZsndN4tYQmDyI1aCI9xG1lKIxbL
4N/DRyHv7CWkVCxM5L7Kn0QcqnCsYxRLuwJAMCLGvKofOncG6UAdMl336WFOcYLa
I56TMK74EbYUnCzW3TRIjJa83aRoOYeu3LzaA7+Pchh1cRyOmtsq0TIb4QJAQJ6s
9VW19m1l12Zw7f32V+RbFGM9gC65PrXCi34q75hgADwnBLRZ2B01gP8t9qMvzwh/
WltjFQQiUIfAUPxWUQJBAMyoY38x2AP7WclMtNELAF2lUJ270uq3cxlzrGy9wJP9
bf3qTUrqURMKgZezWW3iZke1h3vW+regHB2RBgdGmwk=
-----END RSA PRIVATE KEY-----
",$2a$10$35yqJfo2RHCZIDrkNSWvYebxt7Ac5HULdn0ZVNS/4onPqEWmdsDKm,5,,,true,false,en,,,,$2a$10$35yqJfo2RHCZIDrkNSWvYe
4d2b6eb8cc8cb43cc2000024,random@example.com,,"-----BEGIN RSA PRIVATE KEY-----
MIIJJwIBAAKCAgEAr6Zg031vZaArv+1W6WjTKg2Kg2ifuK2dh+fmM/vWJxwnaJpB
WWDUkdUx8dG9jN1E2DQKApYzhxToP2XTZg9fsd7J322Ah3AjXJ7GSycHsJpXUdDZ
GCf16iDgvGq4SKd+UreZxhLFybjl91yeH0oKB2Lv9aFJS079zjKUU4IEDNWbgw7D
mqiVjRA1E7osVX40eD/nkmjBuPMoZyTa9ibN2TldQCqWGxwztHrFW+ap54hpghw6
ilRWsBt38b3ORTdJgHo3jQWZz5d7llFHKakyylLais0KSmQ5j3c+gXQYJ74Qw/yR
aW2DhEYxOcRc9sxDvHS0fQqLfx6+0ijaaWKZCFqYqoylOWf+CyQHZG5NmgI6wj29
Aj01a9cpzwswb51yO23/TITC4siC4i5HKDTcnnUQIzuX/uoLW1jsyN4Ot6/qaMYa
B6nmP750DVqMO5BXFr6H33/ga309b71ipIxONLXW0cK8ugns4/L4jV3GarzXWaXG
eoMebwDK6FhQnMyR+/+HKpMiqvwALPCVbfgUgqhKJQ+vvQ8utNwrvnA0X0YiP2EB
eEz0Ie1VSwL1Y0DCfs/WbKCq+EdfstMlpDhRVn3yTfR7lu1yiOG++wKQ/Hx9lzQ5
2REgfNcNR8pRzLfdA4JjHwW95vK1qhNgGPc3mvLs1VBZ6xQcJw9VG1vNJhECAwEA
AQKCAgAzBmQOS9v2a6cJ5AphV6AwESrxrYzoexbOCiGnbDrztYwFKPpe2nAlxQbz
NniX2RdMryFRSwzA6uPkttHITiMAarW9//NcZMkA+OalojrrpIpFLCREjicz0kU2
ttG92Voq8UbscTufs+SqDO+qKznql2UZt7aw98tnAO5xq809ZTf9xGYyIVMAXXrt
tiF23GilnfrJX0EXVxufiudIplEaDz31i+l7CqBCh3+ZiNJGfiwYLdcbpBBirDgV
s4ueM8dYWSiWANCDq3+tVQMVKR+mApeVxqZ8oczOzlcMCAuUT/RS2qXrOHMCE9ns
7AwNbZ0nu8dKo6uOTAImztNT1d6aQVT5XF4OxWyim73h2lp2udckUpmArdtpDqWJ
x341PjbrQuRpg89ovwENJLz6c58S5uI8lFUOA5cVYkC8j0GJglXA5keF9GnDi+eF
ITAzv9dCT6LJfweNX9lPLFKujIr7jTvnaNaRc6R8lacJbFY1WpxhrjyT/OI40586
72SpsQBjwyHaErCixpZxW1lEhrLnv3s7K7YJWL4xWiwEwqtrIui7btG9eJ1G/dzY
adxQKGtdYmWqSBKun9ADZhzwx5DLdgshc8SRG8VqfkktepaoRV0IkkCpsNM/Om3+
qoLau03LCLnP5FjV99+TtbMMeH+EF3dkysGVgd7xxDYYtTHNGQKCAQEA3ZtGdajy
h+lTEj32jZKXvuSJhBkXlwazFCtOfWo5xoj0w+0EH2V00o9GeaDKpvkHymkReXjG
YiTaXk3INwiY0zA8vmPwigFdOJnQrfn0cCBWHsvUiPDVFWsdJZmHYd4c6eKiU2Sg
j+o/Nyl+KUrzDhITERlhBvxuBZxiAMisG8gKAUhUjVcxrMfbSdzR+I673GSls1tw
vXfXVgZdeAwD9HslSXdwK3GIXw+V355nLIXn2at9r7s5wOJ2aRoUz3rc1r9ctHgo
xq+rVmaRif3qFmwyXAa4fFyoLB+T9UXiY7nB2XfZ/vCDQ7L/V906hQwL2zBXT4t5
HUMuS8SxOpoP6wKCAQEAyukvQLSJTzaT3ZtP6kzkWnCuw7pNP+eu+L8U1MYDHM4z
hMY/yXoyvEtjCzEX6zBxgBCUgdnpUhJTx6EW3dvOgYOdfmMREwrwl7jtySQwlqPA
BTBzLf/11QAU7k3gNVzqo7OUCKoswafZA0wL2gtMbULrKUJ9iUftfEUpY6pZchJp
yJkTHhjamA7uM5uzULjQhtj00bQbEQqcVD1vnfsmtfDQCHaHrrD/HhMQMLI1HEjG
bpVC7u70d5vFU+g8prLhleYBsmQ8Ql+0iR4cINGkROriGPhCCyov3kB+OfwO7b8u
UP4WOsceczSIgbTqZI/q+ZGRCrK9wff8IxCoXvee8wKCAQAnbjJ6SwZkcnqqe0X8
aMIBYE6rp39QCwwgIZiErjr7fXD3z5t1Lqs7r+ydRaPpU9Q0Cr/mOjwqSF5mezaN
vETdBu83/TZWh+mbYZsE6b25mbdZIXF+sENp3TZBc3DoVAoW/5Fcf0ImeUqoOQTO
uhxHO6YS284s3QuCihHSC+K7yrslAUayI3qeQK1fFiByNotsqqflIvcLb2BsWROW
gaTOgn7e9JaL1Fase2xybo/zFxxq2Z2ygADFtkXVa6OaS0UyHLiVD/BJcgZtiDCL
OhfFx5iqUTPQRPhTaYb9FGM01V+Nn0q1lvv0NsxCSQXZmIwfgxl1+N4i+8ooByZ1
w+XjAoIBADVLK6MGB+5rOkkBKusyCOQMJoq32uRG+LjSjykXXOfq7LMZ0tUbKEo2
Tqw417xo+9aUBD1au6JXt/N9xuC8g6+Wnv38DRcAT5K5+pJS1AQsvBlg0U+qo6mv
HNA+Wf4KCoK2ftILyDeQ2zm3doFtaERmSBeNJCWzY5e5HpbTvixs06XhNpk4E+nO
OhgJ8/3mnLZeM2cEs/s02zxw6mkG9vLgbfNbFmX2jPscLKttku972cpfn7Xbww/L
NPfFznBGGWPihl2RYBZaxrMg2mhwR4HmYz4Frmr6SJpKPB0Eq/MbvJF/Ot1zQPcn
PBc9KjcBacjkx8CUk6xncqzPCjnvNasCggEAfwocA/YL8iZWFaOLmVLhuyN9dLvP
MsMyx51b9eeg8ux95+MUwPZEBovqsI6ziCWDgTbkVttx+SxYdcDA5ckHbAC8MYNK
4xEpyDTT8rwQpCW7+42iNdqsSGnH4TVLC2u4Pbk3mvpX1wDcrqMmJN/G3mKIj6YY
u4azxx/SEPCWI3qZt/laBixhSM5jdyWq6y0ht/DFpdWQJ1hKR8vpnVi+ZSFZmUkO
S/KiO2fMmKF6aOQgGVBHSdQTUxPAc5sD+O6CpRj/VedGQko2x8kGNpm53LIox/nU
gO38qEEvOx0uymkh7LriH9NkMxkdCghw4mwCUvyrOTymFnOGs2OMR1bmsQ==
-----END RSA PRIVATE KEY-----
","",3,wY567RLhNsA8pp4SnnFa,1294617600000,true,false,en,,,,""
4d2b6ebccc8cb43cc2000025,random2@example.net,,"-----BEGIN RSA PRIVATE KEY-----
MIIJJwIBAAKCAgEAmq6rTmlfmjfXSMCUcTQ55JUT180G6ZP3KUsHY5bmQm9F7cc6
W+RvpuAqnFgq8tEuqWz8bpzPmYpy9uFh+kY7LJfi4mW+aBFRNYsfsKPy8ckhItVl
HYsAOCBABwxRAeXDgKMabAhkMMYHvJn2tDgWeEoctjf89eovcCWXjm0HAmiDY50s
F0VhRFZ3YpaNBEMCuC/icj1w0c2Cx72MWPxIMdm4Do2Mhv5lmaK5Br/URtcG00Yz
B7xqsG3/YVpvL5jL1LSGJnuCiOYKZ6rfXwJy57jm0MEXpNh1YeemI/PtSsp7x00i
dqjsqh3FOE9NWZAoS+GwnmIRoL0VCR2ly4pVDBa8lNUwydz8JUXPDVU7xVxM4ams
MPBOK1e7Yb0Ev5tObVjmAY/hhwrawga413zVddkejxiMR1RktORywjJrDBV1tQgv
1eohQON+MAknFR5N7Q8w+/oeAwnSo5BL+qomL2kxvclAAdvMD8hJ1H2ZuqWsI5Ex
lfSsPdErJ2KElhVbM9Zh8wSpizDB2HdKCkjQglpsX8MgeyXA1EWiiRvNd2b6OoPn
WX12QGUFkUFSPW6cW0lUmg7g26+jGwoC0NPV9lvg/yJccLXqYbRMGiNZze1bHt9J
K5LTmDxIvyyxjxDhzwUifqOfIHSpSpHvjLobsuMUV40f2H5LrD+aP4249rUCAwEA
AQKCAgBlCMg+LFfUzLqi+586HineY32VjIcCVLKxVx+ZbjwykqnzeRlmYlyHfI54
lqJe/kFjSxvLSEPVf3g+R9MOfYczRnZc+KYZJY6M0bW+VChgw8YQEaC9XkijYHVR
5TqYabJ8OI0OmaCPtxngmBRrfOM4aPg+EW36Vp/rubI3xoE4knmXvFbLUHcLAwtx
6vJrITYKhsR7aCRj9b+Bpg6hJRAm95Xgc5ahqlNEuePvQ6dtKhB8ObMlT23EleSk
e0R6q2wgIFYrlqsZrmCHfDXwwhG5x62EF0vRUc3CSGPdwftxybZ15K0pIoeLSmzC
rhHQ+XdIsT8DBP2Mp1SxIptjypRnkBAFyTju8vAMQg+vsbysD6AdSmC5PEdiEMAE
FOqdqKsxqlK0E/NY5TdYL3aVvoTTHq/gW5mumhoNdfpn9LuzdRxeF+jIYUk6Hy21
2feyey3npXBn/3DlV6RmLjLXad/XvMwXh9pAN6eXp3tmNVk7G8w2z19E5+ZJuXYt
+EXWLZo1vGw0pV/Ud+3mJYMcQcH1WvCXmImvuQdMqmX6brCTPbrrQl8ABUw2q524
kLlnnJJ4Rzc896QwQxT1XdDqot1rIO2GgE2yIu6KKxJWfLlGagcStzj/AkR65vIM
miZkCj7p6qUvVl1eQ2xviaTb8PvQK0gz7KjpQCuRvuEEd+Hl1QKCAQEAx/QrCztG
ydX8fwCu1b6F4f53L78BCW+20A+jSVGr5hPByQrgNBbxd+ddHXPBrTr7ivIYTJ3y
jiH1kbDiIA876U0kglPXFsZ3vnCNefC7cYRMlRLhGNMeemrddau/DejwSjo96jP+
DaqXXRaLTnFKd80KxouLzhuYxaPR9g1DR9dMsWqU5dx17M8Q7n48GBu4GcTAC6uY
3xV2vmYfN8jULyfl7EcSkNegSFhfMnZqqUaXN5PYlN8ImnKYFwLyM2Pr6s1GvhtT
VNphnylNUE3a9jQ/G42f6tBT+XXl05edJcOrqPDK/Ab1WWPPeAfADKS/Njg4Q/mS
B3gWLeSTneWlJwKCAQEAxgoDK8NWBQ82Knf6juRzpHRisutB/gh3B2kFvOaL1s9C
7U7y73FyyHeg/Bpxt07UKCIBEinq/uP6zCcg7vyu08nE5BeX+biGY85NmUq3dAgu
oiZNKeBfWeCBfPRRkNhd37zfUtt6Y8WOjS+s9KA3KyR7pJhkEFvgY6xeBtTghaQt
PfbjibuIIAW2c7ta3EG1uopLC9x8TqELjTyELR2bGdXUOQcVIuI9Pwf84l8GFpPL
doGn/Th6tz5Aa10o+0MvWCEQ2QNdfxqH9T7sGF25Kep8ejTHA/ahEr336Y5noaZP
LLc3/v+qjHHqOiq+7gSPJrsUY/E/idhUQMIh73DGwwKCAQAdZ9Uks7T3XdbiPpF3
sasyzx9sECTw5FL4SjRzReWH0oP/MvBB+NXOEmJpQGrNNQ1lI7FbIydWq7vXjzHS
ESt4ZfXmjLnnCYz2nsrPkg2e5hv1GG+uHO4whqLG+VkBjK453FLarIbCL8JO2E/o
W1TeRXM+O6t1xi0zc6IfE1g/qnQG62u2WjOlfdY5nKrtyLXMZFjx3mx+8kMiQRZ6
N7isrqtrkhAy6OMTgJuPakbJWi5G6CFD04EKZavkRnSkBh/dyg6LSq14nx0YMRTD
qI95Abn+LVfFSpnu593CvltIAHywPak8YzGV0c3jExC1S00rhh0QMhW9r3Vjjmf/
IpSlAoIBAE7+HWeuYbhg6e0ksEeg7lOxrNDLMCaA/+Fvzb8cgrjrMTnxHMvPh8ZY
mVkVvzgr9EoRzjWNjNOg4h/el69cEOwfdi65DoCoTsqutpsnh2d8AAXjmzHR8paq
C1xpI8PP2hntf3LQYtA7M/IzCx0Ebx0BT2RG+Nrhmu6HCXZWITyNURJ/USFWMST8
wlsFZ2elujQvB2Iyz06ZxD7Q3bQVNBGpDh61KYQhk+Z5bDBrUMVerHCXpQdHKQPA
i/eHUFpw4QiZH9xAEGIrlgGH2Kqbb8k9Y+tm898r1/He3m1FxSZgbQJcDrTjDAc7
RP9wn3nXTbZYNvjqeLqmFG1EQj78z/sCggEAObB/itRxT0G3PtNGoAymW7/l/dhs
8H0BSQKjSQyrP8l4eUIWu4e92jdklOmEzba1+RdMr7sAbBeFn9DfUON3/cBVLV4u
l++D+DbL0abIel07SwsyGkCsajxXazF/6lMrYIiMBCV2sE/13CRIxBHcMRM84XCt
00VwoxJpwEVhkiGTK/ckSj3+QzP2u2FF1WpqmHLOH7iYxnhO8JyypI92eM2TKxi8
tKWyjWisXwQmbigurNXqBFmMz+kSBpsskjgHxLRu/JQogl6avKMQ/jTBZLSKF0Ds
KbFEI6SXfIxjp0engFRaf0EdVenig52hS4dml+GaagOh71VzljLOTEKUUw==
-----END RSA PRIVATE KEY-----
","",5,aA1hEEz6V7btITaZUJKT,1294617600000,true,false,en,,,,""
