created_at,updated_at,serialized_public_key,url,mongo_id,owner_mongo_id,diaspora_handle
1294692022000,1294692022000,"-----BEGIN RSA PUBLIC KEY-----
MIGJAoGBAKuK2doYFmBhcymlxKTII8fmFUXQtgk+NxSoJqCRWds/Uhsg/S/97Kzp
DJjzYWWDKNRfHXnrKsQ5wgcis+rIuvVrB6uVVe2pWjVRZoDxC/4qy5TghwnBsf5O
9/mfN1YhZLRzHCbGL5GBDwk5+emP7Re6l4hqNZRxZB5bpssoTShdAgMBAAE=
-----END RSA PUBLIC KEY-----
",http://google-1b05052.com/,4d2b6eb6cc8cb43cc2000001,,bob-person-1fe12fb@aol.com
1294692022000,1294692022000,"-----BEGIN RSA PUBLIC KEY-----
MIGJAoGBAKuK2doYFmBhcymlxKTII8fmFUXQtgk+NxSoJqCRWds/Uhsg/S/97Kzp
DJjzYWWDKNRfHXnrKsQ5wgcis+rIuvVrB6uVVe2pWjVRZoDxC/4qy5TghwnBsf5O
9/mfN1YhZLRzHCbGL5GBDwk5+emP7Re6l4hqNZRxZB5bpssoTShdAgMBAAE=
-----END RSA PUBLIC KEY-----
",http://google-287b15e.com/,4d2b6eb6cc8cb43cc2000003,,bob-person-2281475@aol.com
1294692022000,1294692022000,"-----BEGIN RSA PUBLIC KEY-----
MIGJAoGBAKuK2doYFmBhcymlxKTII8fmFUXQtgk+NxSoJqCRWds/Uhsg/S/97Kzp
DJjzYWWDKNRfHXnrKsQ5wgcis+rIuvVrB6uVVe2pWjVRZoDxC/4qy5TghwnBsf5O
9/mfN1YhZLRzHCbGL5GBDwk5+emP7Re6l4hqNZRxZB5bpssoTShdAgMBAAE=
-----END RSA PUBLIC KEY-----
",http://google-37bb582.com/,4d2b6eb6cc8cb43cc2000005,,bob-person-34e6e33@aol.com
1294692022000,1294692033000,"-----BEGIN RSA PUBLIC KEY-----
MIGJAoGBANLXsDZWFFy/SyjfTcykyCZVd5raI7G+EF+2kM3yF8UAAHf3FdinP0xv
mB9LsL86PZMiVfKSYU/pwPaIDO/XccnMspd6KxHORX+SbB9F3HC5auiYeekqNxPu
GqmsgBGFLjz8FZ3pbJbuu44XLf0cP1qfBqxKaDSOpwRH8bxvaUXLAgMBAAE=
-----END RSA PUBLIC KEY-----
",http://google-4e2e53f.com/,4d2b6eb6cc8cb43cc200000a,4d2b6eb6cc8cb43cc2000007,bob1d2f837@localhost
1294692023000,1294692032000,"-----BEGIN RSA PUBLIC KEY-----
MIGJAoGBANLXsDZWFFy/SyjfTcykyCZVd5raI7G+EF+2kM3yF8UAAHf3FdinP0xv
mB9LsL86PZMiVfKSYU/pwPaIDO/XccnMspd6KxHORX+SbB9F3HC5auiYeekqNxPu
GqmsgBGFLjz8FZ3pbJbuu44XLf0cP1qfBqxKaDSOpwRH8bxvaUXLAgMBAAE=
-----END RSA PUBLIC KEY-----
",http://google-57834ac.com/,4d2b6eb7cc8cb43cc200000e,4d2b6eb6cc8cb43cc200000b,bob2f66ee4@localhost
1294692023000,1294692023000,"-----BEGIN RSA PUBLIC KEY-----
MIGJAoGBAKuK2doYFmBhcymlxKTII8fmFUXQtgk+NxSoJqCRWds/Uhsg/S/97Kzp
DJjzYWWDKNRfHXnrKsQ5wgcis+rIuvVrB6uVVe2pWjVRZoDxC/4qy5TghwnBsf5O
9/mfN1YhZLRzHCbGL5GBDwk5+emP7Re6l4hqNZRxZB5bpssoTShdAgMBAAE=
-----END RSA PUBLIC KEY-----
",http://google-6be752e.com/,4d2b6eb7cc8cb43cc2000011,,bob-person-46c7362@aol.com
1294692023000,1294692034000,"-----BEGIN RSA PUBLIC KEY-----
MIGJAoGBANLXsDZWFFy/SyjfTcykyCZVd5raI7G+EF+2kM3yF8UAAHf3FdinP0xv
mB9LsL86PZMiVfKSYU/pwPaIDO/XccnMspd6KxHORX+SbB9F3HC5auiYeekqNxPu
GqmsgBGFLjz8FZ3pbJbuu44XLf0cP1qfBqxKaDSOpwRH8bxvaUXLAgMBAAE=
-----END RSA PUBLIC KEY-----
",http://google-732b7c0.com/,4d2b6eb7cc8cb43cc2000017,4d2b6eb7cc8cb43cc2000014,bob3c6c46f@localhost
1294692023000,1294692036000,"-----BEGIN RSA PUBLIC KEY-----
MIGJAoGBANLXsDZWFFy/SyjfTcykyCZVd5raI7G+EF+2kM3yF8UAAHf3FdinP0xv
mB9LsL86PZMiVfKSYU/pwPaIDO/XccnMspd6KxHORX+SbB9F3HC5auiYeekqNxPu
GqmsgBGFLjz8FZ3pbJbuu44XLf0cP1qfBqxKaDSOpwRH8bxvaUXLAgMBAAE=
-----END RSA PUBLIC KEY-----
",http://google-8b1c74b.com/,4d2b6eb7cc8cb43cc200001b,4d2b6eb7cc8cb43cc2000018,bob457b189@localhost
1294692024000,1294692024000,"-----BEGIN RSA PUBLIC KEY-----
MIGJAoGBAKuK2doYFmBhcymlxKTII8fmFUXQtgk+NxSoJqCRWds/Uhsg/S/97Kzp
DJjzYWWDKNRfHXnrKsQ5wgcis+rIuvVrB6uVVe2pWjVRZoDxC/4qy5TghwnBsf5O
9/mfN1YhZLRzHCbGL5GBDwk5+emP7Re6l4hqNZRxZB5bpssoTShdAgMBAAE=
-----END RSA PUBLIC KEY-----
",http://google-934e10b.com/,4d2b6eb8cc8cb43cc2000020,,bob-person-5e2a1d1@aol.com
1294692034000,1294692036000,"-----BEGIN RSA PUBLIC KEY-----
MIGJAoGBANLXsDZWFFy/SyjfTcykyCZVd5raI7G+EF+2kM3yF8UAAHf3FdinP0xv
mB9LsL86PZMiVfKSYU/pwPaIDO/XccnMspd6KxHORX+SbB9F3HC5auiYeekqNxPu
GqmsgBGFLjz8FZ3pbJbuu44XLf0cP1qfBqxKaDSOpwRH8bxvaUXLAgMBAAE=
-----END RSA PUBLIC KEY-----
",http://google-105a8ed8.com/,4d2b6ec2cc8cb43cc2000034,,bob5aa0fd5@localhost
