image_url_medium,searchable,image_url,person_mongo_id,gender,diaspora_handle,birthday,last_name,bio,image_url_small,first_name
,true,,4d2b6eb6cc8cb43cc2000001,,,,weinstien,,,eugene
,true,,4d2b6eb6cc8cb43cc2000003,,,,weinstien,,,eugene
,true,,4d2b6eb6cc8cb43cc2000005,,,,weinstien,,,eugene
,true,,4d2b6eb6cc8cb43cc200000a,,,,Grimm12dfa3a,,,Robert1742367
,true,,4d2b6eb7cc8cb43cc200000e,,,,Grimm2527144,,,Robert27d6c2c
,true,,4d2b6eb7cc8cb43cc2000011,,,,weinstien,,,eugene
,true,,4d2b6eb7cc8cb43cc2000017,,,,Grimm3089db2,,,Robert39365a5
,true,,4d2b6eb7cc8cb43cc200001b,,,,Grimm49fb290,,,Robert405fcf8
,true,,4d2b6eb8cc8cb43cc2000020,,,,weinstien,,,eugene
,true,,4d2b6ec2cc8cb43cc2000034,,,,Grimm50990f2,,,Robert5501643
